{
    "name": "covid19",
    "labels": {
        "0": "background",
        "1": "lung_L",
        "2": "lung_R"
    },
    "aim_label":["1","2"],
    "modality": {
        "0": "CT"
    },
    "numTest": 1,
    "numTrain": 14,
    "numValid": 4,
    "tensorImageSize": "3D",
    "test": [
        "/media/lab509/wzx/z/data/COVID19/coronacases_001.nii.gz"
    ],
    "train": [
        {
            "image": "/media/lab509/wzx/z/data/COVID19/coronacases_002.nii.gz",
            "label": "/media/lab509/wzx/z/data/Lung_Mask/coronacases_002.nii.gz"
        },
        {
            "image": "/media/lab509/wzx/z/data/COVID19/coronacases_003.nii.gz",
            "label": "/media/lab509/wzx/z/data/Lung_Mask/coronacases_003.nii.gz"
        },
        {
            "image": "/media/lab509/wzx/z/data/COVID19/coronacases_004.nii.gz",
            "label": "/media/lab509/wzx/z/data/Lung_Mask/coronacases_004.nii.gz"
        },
        {
            "image": "/media/lab509/wzx/z/data/COVID19/coronacases_005.nii.gz",
            "label": "/media/lab509/wzx/z/data/Lung_Mask/coronacases_005.nii.gz"
        },
        {
            "image": "/media/lab509/wzx/z/data/COVID19/coronacases_006.nii.gz",
            "label": "/media/lab509/wzx/z/data/Lung_Mask/coronacases_006.nii.gz"
        },
        {
            "image": "/media/lab509/wzx/z/data/COVID19/coronacases_007.nii.gz",
            "label": "/media/lab509/wzx/z/data/Lung_Mask/coronacases_007.nii.gz"
        },
        {
            "image": "/media/lab509/wzx/z/data/COVID19/radiopaedia_10_85902_1.nii.gz",
            "label": "/media/lab509/wzx/z/data/Lung_Mask/radiopaedia_10_85902_1.nii.gz"
        },
        {
            "image": "/media/lab509/wzx/z/data/COVID19/radiopaedia_10_85902_3.nii.gz",
            "label": "/media/lab509/wzx/z/data/Lung_Mask/radiopaedia_10_85902_3.nii.gz"
        },
        {
            "image": "/media/lab509/wzx/z/data/COVID19/radiopaedia_14_85914_0.nii.gz",
            "label": "/media/lab509/wzx/z/data/Lung_Mask/radiopaedia_14_85914_0.nii.gz"
        },
        {
            "image": "/media/lab509/wzx/z/data/COVID19/radiopaedia_27_86410_0.nii.gz",
            "label": "/media/lab509/wzx/z/data/Lung_Mask/radiopaedia_27_86410_0.nii.gz"
        },
        {
            "image": "/media/lab509/wzx/z/data/COVID19/radiopaedia_29_86490_1.nii.gz",
            "label": "/media/lab509/wzx/z/data/Lung_Mask/radiopaedia_29_86490_1.nii.gz"
        },
        {
            "image": "/media/lab509/wzx/z/data/COVID19/radiopaedia_29_86491_1.nii.gz",
            "label": "/media/lab509/wzx/z/data/Lung_Mask/radiopaedia_29_86491_1.nii.gz"
        },
        {
            "image": "/media/lab509/wzx/z/data/COVID19/radiopaedia_36_86526_0.nii.gz",
            "label": "/media/lab509/wzx/z/data/Lung_Mask/radiopaedia_36_86526_0.nii.gz"
        },
        {
            "image": "/media/lab509/wzx/z/data/COVID19/radiopaedia_40_86625_0.nii.gz",
            "label": "/media/lab509/wzx/z/data/Lung_Mask/radiopaedia_40_86625_0.nii.gz"
        }
    ],
    "valid": [
        {
            "image": "/media/lab509/wzx/z/data/COVID19/coronacases_009.nii.gz",
            "label": "/media/lab509/wzx/z/data/Lung_Mask/coronacases_009.nii.gz"
        },
        {
            "image": "/media/lab509/wzx/z/data/COVID19/coronacases_010.nii.gz",
            "label": "/media/lab509/wzx/z/data/Lung_Mask/coronacases_010.nii.gz"
        },
        {
            "image": "/media/lab509/wzx/z/data/COVID19/radiopaedia_4_85506_1.nii.gz",
            "label": "/media/lab509/wzx/z/data/Lung_Mask/radiopaedia_4_85506_1.nii.gz"
        },
        {
            "image": "/media/lab509/wzx/z/data/COVID19/radiopaedia_7_85703_0.nii.gz",
            "label": "/media/lab509/wzx/z/data/Lung_Mask/radiopaedia_7_85703_0.nii.gz"
        }
    ]
}
