{
    "name": "lits2017",
    "labels": {
        "0": "background",
        "1": "liver",
        "2": "tumer"
    },
    "aim_label": ["1","2"],
    "modality": {
        "0": "CT"
    },
    "numTest": 3,
    "numTrain": 130,
    "numValid": 10,
    "tensorImageSize": "3D",
    "test": [
        "/media/lab509/wzx/z/data/LIST2017/TestingDate/test-volume-35.nii",
        "/media/lab509/wzx/z/data/LIST2017/TestingDate/test-volume-38.nii",
        "/media/lab509/wzx/z/data/LIST2017/TestingDate/test-volume-51.nii"
    ],
    "train": [
        {"image" :"/media/lab509/wzx/z/data/LIST2017/TrainingData/image/volume-0.nii","label":"/media/lab509/wzx/z/data/LIST2017/TrainingData/label/segmentation-0.nii"} ,
        {"image" :"/media/lab509/wzx/z/data/LIST2017/TrainingData/image/volume-1.nii","label":"/media/lab509/wzx/z/data/LIST2017/TrainingData/label/segmentation-1.nii"} ,
        {"image" :"/media/lab509/wzx/z/data/LIST2017/TrainingData/image/volume-10.nii","label":"/media/lab509/wzx/z/data/LIST2017/TrainingData/label/segmentation-10.nii"} ,
        {"image" :"/media/lab509/wzx/z/data/LIST2017/TrainingData/image/volume-100.nii","label":"/media/lab509/wzx/z/data/LIST2017/TrainingData/label/segmentation-100.nii"} ,
        {"image" :"/media/lab509/wzx/z/data/LIST2017/TrainingData/image/volume-101.nii","label":"/media/lab509/wzx/z/data/LIST2017/TrainingData/label/segmentation-101.nii"} ,
        {"image" :"/media/lab509/wzx/z/data/LIST2017/TrainingData/image/volume-102.nii","label":"/media/lab509/wzx/z/data/LIST2017/TrainingData/label/segmentation-102.nii"} ,
        {"image" :"/media/lab509/wzx/z/data/LIST2017/TrainingData/image/volume-103.nii","label":"/media/lab509/wzx/z/data/LIST2017/TrainingData/label/segmentation-103.nii"} ,
        {"image" :"/media/lab509/wzx/z/data/LIST2017/TrainingData/image/volume-104.nii","label":"/media/lab509/wzx/z/data/LIST2017/TrainingData/label/segmentation-104.nii"} ,
        {"image" :"/media/lab509/wzx/z/data/LIST2017/TrainingData/image/volume-105.nii","label":"/media/lab509/wzx/z/data/LIST2017/TrainingData/label/segmentation-105.nii"} ,
        {"image" :"/media/lab509/wzx/z/data/LIST2017/TrainingData/image/volume-106.nii","label":"/media/lab509/wzx/z/data/LIST2017/TrainingData/label/segmentation-106.nii"} ,
        {"image" :"/media/lab509/wzx/z/data/LIST2017/TrainingData/image/volume-107.nii","label":"/media/lab509/wzx/z/data/LIST2017/TrainingData/label/segmentation-107.nii"} ,
        {"image" :"/media/lab509/wzx/z/data/LIST2017/TrainingData/image/volume-108.nii","label":"/media/lab509/wzx/z/data/LIST2017/TrainingData/label/segmentation-108.nii"} ,
        {"image" :"/media/lab509/wzx/z/data/LIST2017/TrainingData/image/volume-109.nii","label":"/media/lab509/wzx/z/data/LIST2017/TrainingData/label/segmentation-109.nii"} ,
        {"image" :"/media/lab509/wzx/z/data/LIST2017/TrainingData/image/volume-11.nii","label":"/media/lab509/wzx/z/data/LIST2017/TrainingData/label/segmentation-11.nii"} ,
        {"image" :"/media/lab509/wzx/z/data/LIST2017/TrainingData/image/volume-110.nii","label":"/media/lab509/wzx/z/data/LIST2017/TrainingData/label/segmentation-110.nii"} ,
        {"image" :"/media/lab509/wzx/z/data/LIST2017/TrainingData/image/volume-111.nii","label":"/media/lab509/wzx/z/data/LIST2017/TrainingData/label/segmentation-111.nii"} ,
        {"image" :"/media/lab509/wzx/z/data/LIST2017/TrainingData/image/volume-112.nii","label":"/media/lab509/wzx/z/data/LIST2017/TrainingData/label/segmentation-112.nii"} ,
        {"image" :"/media/lab509/wzx/z/data/LIST2017/TrainingData/image/volume-113.nii","label":"/media/lab509/wzx/z/data/LIST2017/TrainingData/label/segmentation-113.nii"} ,
        {"image" :"/media/lab509/wzx/z/data/LIST2017/TrainingData/image/volume-114.nii","label":"/media/lab509/wzx/z/data/LIST2017/TrainingData/label/segmentation-114.nii"} ,
        {"image" :"/media/lab509/wzx/z/data/LIST2017/TrainingData/image/volume-115.nii","label":"/media/lab509/wzx/z/data/LIST2017/TrainingData/label/segmentation-115.nii"} ,
        {"image" :"/media/lab509/wzx/z/data/LIST2017/TrainingData/image/volume-116.nii","label":"/media/lab509/wzx/z/data/LIST2017/TrainingData/label/segmentation-116.nii"} ,
        {"image" :"/media/lab509/wzx/z/data/LIST2017/TrainingData/image/volume-117.nii","label":"/media/lab509/wzx/z/data/LIST2017/TrainingData/label/segmentation-117.nii"} ,
        {"image" :"/media/lab509/wzx/z/data/LIST2017/TrainingData/image/volume-118.nii","label":"/media/lab509/wzx/z/data/LIST2017/TrainingData/label/segmentation-118.nii"} ,
        {"image" :"/media/lab509/wzx/z/data/LIST2017/TrainingData/image/volume-119.nii","label":"/media/lab509/wzx/z/data/LIST2017/TrainingData/label/segmentation-119.nii"} ,
        {"image" :"/media/lab509/wzx/z/data/LIST2017/TrainingData/image/volume-12.nii","label":"/media/lab509/wzx/z/data/LIST2017/TrainingData/label/segmentation-12.nii"} ,
        {"image" :"/media/lab509/wzx/z/data/LIST2017/TrainingData/image/volume-120.nii","label":"/media/lab509/wzx/z/data/LIST2017/TrainingData/label/segmentation-120.nii"} ,
        {"image" :"/media/lab509/wzx/z/data/LIST2017/TrainingData/image/volume-121.nii","label":"/media/lab509/wzx/z/data/LIST2017/TrainingData/label/segmentation-121.nii"} ,
        {"image" :"/media/lab509/wzx/z/data/LIST2017/TrainingData/image/volume-122.nii","label":"/media/lab509/wzx/z/data/LIST2017/TrainingData/label/segmentation-122.nii"} ,
        {"image" :"/media/lab509/wzx/z/data/LIST2017/TrainingData/image/volume-123.nii","label":"/media/lab509/wzx/z/data/LIST2017/TrainingData/label/segmentation-123.nii"} ,
        {"image" :"/media/lab509/wzx/z/data/LIST2017/TrainingData/image/volume-124.nii","label":"/media/lab509/wzx/z/data/LIST2017/TrainingData/label/segmentation-124.nii"} ,
        {"image" :"/media/lab509/wzx/z/data/LIST2017/TrainingData/image/volume-125.nii","label":"/media/lab509/wzx/z/data/LIST2017/TrainingData/label/segmentation-125.nii"} ,
        {"image" :"/media/lab509/wzx/z/data/LIST2017/TrainingData/image/volume-126.nii","label":"/media/lab509/wzx/z/data/LIST2017/TrainingData/label/segmentation-126.nii"} ,
        {"image" :"/media/lab509/wzx/z/data/LIST2017/TrainingData/image/volume-127.nii","label":"/media/lab509/wzx/z/data/LIST2017/TrainingData/label/segmentation-127.nii"} ,
        {"image" :"/media/lab509/wzx/z/data/LIST2017/TrainingData/image/volume-128.nii","label":"/media/lab509/wzx/z/data/LIST2017/TrainingData/label/segmentation-128.nii"} ,
        {"image" :"/media/lab509/wzx/z/data/LIST2017/TrainingData/image/volume-129.nii","label":"/media/lab509/wzx/z/data/LIST2017/TrainingData/label/segmentation-129.nii"} ,
        {"image" :"/media/lab509/wzx/z/data/LIST2017/TrainingData/image/volume-13.nii","label":"/media/lab509/wzx/z/data/LIST2017/TrainingData/label/segmentation-13.nii"} ,
        {"image" :"/media/lab509/wzx/z/data/LIST2017/TrainingData/image/volume-130.nii","label":"/media/lab509/wzx/z/data/LIST2017/TrainingData/label/segmentation-130.nii"} ,
        {"image" :"/media/lab509/wzx/z/data/LIST2017/TrainingData/image/volume-14.nii","label":"/media/lab509/wzx/z/data/LIST2017/TrainingData/label/segmentation-14.nii"} ,
        {"image" :"/media/lab509/wzx/z/data/LIST2017/TrainingData/image/volume-15.nii","label":"/media/lab509/wzx/z/data/LIST2017/TrainingData/label/segmentation-15.nii"} ,
        {"image" :"/media/lab509/wzx/z/data/LIST2017/TrainingData/image/volume-16.nii","label":"/media/lab509/wzx/z/data/LIST2017/TrainingData/label/segmentation-16.nii"} ,
        {"image" :"/media/lab509/wzx/z/data/LIST2017/TrainingData/image/volume-17.nii","label":"/media/lab509/wzx/z/data/LIST2017/TrainingData/label/segmentation-17.nii"} ,
        {"image" :"/media/lab509/wzx/z/data/LIST2017/TrainingData/image/volume-18.nii","label":"/media/lab509/wzx/z/data/LIST2017/TrainingData/label/segmentation-18.nii"} ,
        {"image" :"/media/lab509/wzx/z/data/LIST2017/TrainingData/image/volume-19.nii","label":"/media/lab509/wzx/z/data/LIST2017/TrainingData/label/segmentation-19.nii"} ,
        {"image" :"/media/lab509/wzx/z/data/LIST2017/TrainingData/image/volume-2.nii","label":"/media/lab509/wzx/z/data/LIST2017/TrainingData/label/segmentation-2.nii"} ,
        {"image" :"/media/lab509/wzx/z/data/LIST2017/TrainingData/image/volume-20.nii","label":"/media/lab509/wzx/z/data/LIST2017/TrainingData/label/segmentation-20.nii"} ,
        {"image" :"/media/lab509/wzx/z/data/LIST2017/TrainingData/image/volume-21.nii","label":"/media/lab509/wzx/z/data/LIST2017/TrainingData/label/segmentation-21.nii"} ,
        {"image" :"/media/lab509/wzx/z/data/LIST2017/TrainingData/image/volume-22.nii","label":"/media/lab509/wzx/z/data/LIST2017/TrainingData/label/segmentation-22.nii"} ,
        {"image" :"/media/lab509/wzx/z/data/LIST2017/TrainingData/image/volume-23.nii","label":"/media/lab509/wzx/z/data/LIST2017/TrainingData/label/segmentation-23.nii"} ,
        {"image" :"/media/lab509/wzx/z/data/LIST2017/TrainingData/image/volume-24.nii","label":"/media/lab509/wzx/z/data/LIST2017/TrainingData/label/segmentation-24.nii"} ,
        {"image" :"/media/lab509/wzx/z/data/LIST2017/TrainingData/image/volume-25.nii","label":"/media/lab509/wzx/z/data/LIST2017/TrainingData/label/segmentation-25.nii"} ,
        {"image" :"/media/lab509/wzx/z/data/LIST2017/TrainingData/image/volume-26.nii","label":"/media/lab509/wzx/z/data/LIST2017/TrainingData/label/segmentation-26.nii"} ,
        {"image" :"/media/lab509/wzx/z/data/LIST2017/TrainingData/image/volume-27.nii","label":"/media/lab509/wzx/z/data/LIST2017/TrainingData/label/segmentation-27.nii"} ,
        {"image" :"/media/lab509/wzx/z/data/LIST2017/TrainingData/image/volume-28.nii","label":"/media/lab509/wzx/z/data/LIST2017/TrainingData/label/segmentation-28.nii"} ,
        {"image" :"/media/lab509/wzx/z/data/LIST2017/TrainingData/image/volume-29.nii","label":"/media/lab509/wzx/z/data/LIST2017/TrainingData/label/segmentation-29.nii"} ,
        {"image" :"/media/lab509/wzx/z/data/LIST2017/TrainingData/image/volume-3.nii","label":"/media/lab509/wzx/z/data/LIST2017/TrainingData/label/segmentation-3.nii"} ,
        {"image" :"/media/lab509/wzx/z/data/LIST2017/TrainingData/image/volume-30.nii","label":"/media/lab509/wzx/z/data/LIST2017/TrainingData/label/segmentation-30.nii"} ,
        {"image" :"/media/lab509/wzx/z/data/LIST2017/TrainingData/image/volume-31.nii","label":"/media/lab509/wzx/z/data/LIST2017/TrainingData/label/segmentation-31.nii"} ,
        {"image" :"/media/lab509/wzx/z/data/LIST2017/TrainingData/image/volume-32.nii","label":"/media/lab509/wzx/z/data/LIST2017/TrainingData/label/segmentation-32.nii"} ,
        {"image" :"/media/lab509/wzx/z/data/LIST2017/TrainingData/image/volume-33.nii","label":"/media/lab509/wzx/z/data/LIST2017/TrainingData/label/segmentation-33.nii"} ,
        {"image" :"/media/lab509/wzx/z/data/LIST2017/TrainingData/image/volume-34.nii","label":"/media/lab509/wzx/z/data/LIST2017/TrainingData/label/segmentation-34.nii"} ,
        {"image" :"/media/lab509/wzx/z/data/LIST2017/TrainingData/image/volume-35.nii","label":"/media/lab509/wzx/z/data/LIST2017/TrainingData/label/segmentation-35.nii"} ,
        {"image" :"/media/lab509/wzx/z/data/LIST2017/TrainingData/image/volume-36.nii","label":"/media/lab509/wzx/z/data/LIST2017/TrainingData/label/segmentation-36.nii"} ,
        {"image" :"/media/lab509/wzx/z/data/LIST2017/TrainingData/image/volume-37.nii","label":"/media/lab509/wzx/z/data/LIST2017/TrainingData/label/segmentation-37.nii"} ,
        {"image" :"/media/lab509/wzx/z/data/LIST2017/TrainingData/image/volume-38.nii","label":"/media/lab509/wzx/z/data/LIST2017/TrainingData/label/segmentation-38.nii"} ,
        {"image" :"/media/lab509/wzx/z/data/LIST2017/TrainingData/image/volume-39.nii","label":"/media/lab509/wzx/z/data/LIST2017/TrainingData/label/segmentation-39.nii"} ,
        {"image" :"/media/lab509/wzx/z/data/LIST2017/TrainingData/image/volume-4.nii","label":"/media/lab509/wzx/z/data/LIST2017/TrainingData/label/segmentation-4.nii"} ,
        {"image" :"/media/lab509/wzx/z/data/LIST2017/TrainingData/image/volume-40.nii","label":"/media/lab509/wzx/z/data/LIST2017/TrainingData/label/segmentation-40.nii"} ,
        {"image" :"/media/lab509/wzx/z/data/LIST2017/TrainingData/image/volume-41.nii","label":"/media/lab509/wzx/z/data/LIST2017/TrainingData/label/segmentation-41.nii"} ,
        {"image" :"/media/lab509/wzx/z/data/LIST2017/TrainingData/image/volume-42.nii","label":"/media/lab509/wzx/z/data/LIST2017/TrainingData/label/segmentation-42.nii"} ,
        {"image" :"/media/lab509/wzx/z/data/LIST2017/TrainingData/image/volume-43.nii","label":"/media/lab509/wzx/z/data/LIST2017/TrainingData/label/segmentation-43.nii"} ,
        {"image" :"/media/lab509/wzx/z/data/LIST2017/TrainingData/image/volume-44.nii","label":"/media/lab509/wzx/z/data/LIST2017/TrainingData/label/segmentation-44.nii"} ,
        {"image" :"/media/lab509/wzx/z/data/LIST2017/TrainingData/image/volume-45.nii","label":"/media/lab509/wzx/z/data/LIST2017/TrainingData/label/segmentation-45.nii"} ,
        {"image" :"/media/lab509/wzx/z/data/LIST2017/TrainingData/image/volume-46.nii","label":"/media/lab509/wzx/z/data/LIST2017/TrainingData/label/segmentation-46.nii"} ,
        {"image" :"/media/lab509/wzx/z/data/LIST2017/TrainingData/image/volume-47.nii","label":"/media/lab509/wzx/z/data/LIST2017/TrainingData/label/segmentation-47.nii"} ,
        {"image" :"/media/lab509/wzx/z/data/LIST2017/TrainingData/image/volume-48.nii","label":"/media/lab509/wzx/z/data/LIST2017/TrainingData/label/segmentation-48.nii"} ,
        {"image" :"/media/lab509/wzx/z/data/LIST2017/TrainingData/image/volume-49.nii","label":"/media/lab509/wzx/z/data/LIST2017/TrainingData/label/segmentation-49.nii"} ,
        {"image" :"/media/lab509/wzx/z/data/LIST2017/TrainingData/image/volume-5.nii","label":"/media/lab509/wzx/z/data/LIST2017/TrainingData/label/segmentation-5.nii"} ,
        {"image" :"/media/lab509/wzx/z/data/LIST2017/TrainingData/image/volume-50.nii","label":"/media/lab509/wzx/z/data/LIST2017/TrainingData/label/segmentation-50.nii"} ,
        {"image" :"/media/lab509/wzx/z/data/LIST2017/TrainingData/image/volume-51.nii","label":"/media/lab509/wzx/z/data/LIST2017/TrainingData/label/segmentation-51.nii"} ,
        {"image" :"/media/lab509/wzx/z/data/LIST2017/TrainingData/image/volume-52.nii","label":"/media/lab509/wzx/z/data/LIST2017/TrainingData/label/segmentation-52.nii"} ,
        {"image" :"/media/lab509/wzx/z/data/LIST2017/TrainingData/image/volume-53.nii","label":"/media/lab509/wzx/z/data/LIST2017/TrainingData/label/segmentation-53.nii"} ,
        {"image" :"/media/lab509/wzx/z/data/LIST2017/TrainingData/image/volume-54.nii","label":"/media/lab509/wzx/z/data/LIST2017/TrainingData/label/segmentation-54.nii"} ,
        {"image" :"/media/lab509/wzx/z/data/LIST2017/TrainingData/image/volume-55.nii","label":"/media/lab509/wzx/z/data/LIST2017/TrainingData/label/segmentation-55.nii"} ,
        {"image" :"/media/lab509/wzx/z/data/LIST2017/TrainingData/image/volume-56.nii","label":"/media/lab509/wzx/z/data/LIST2017/TrainingData/label/segmentation-56.nii"} ,
        {"image" :"/media/lab509/wzx/z/data/LIST2017/TrainingData/image/volume-57.nii","label":"/media/lab509/wzx/z/data/LIST2017/TrainingData/label/segmentation-57.nii"} ,
        {"image" :"/media/lab509/wzx/z/data/LIST2017/TrainingData/image/volume-58.nii","label":"/media/lab509/wzx/z/data/LIST2017/TrainingData/label/segmentation-58.nii"} ,
        {"image" :"/media/lab509/wzx/z/data/LIST2017/TrainingData/image/volume-59.nii","label":"/media/lab509/wzx/z/data/LIST2017/TrainingData/label/segmentation-59.nii"} ,
        {"image" :"/media/lab509/wzx/z/data/LIST2017/TrainingData/image/volume-6.nii","label":"/media/lab509/wzx/z/data/LIST2017/TrainingData/label/segmentation-6.nii"} ,
        {"image" :"/media/lab509/wzx/z/data/LIST2017/TrainingData/image/volume-60.nii","label":"/media/lab509/wzx/z/data/LIST2017/TrainingData/label/segmentation-60.nii"} ,
        {"image" :"/media/lab509/wzx/z/data/LIST2017/TrainingData/image/volume-61.nii","label":"/media/lab509/wzx/z/data/LIST2017/TrainingData/label/segmentation-61.nii"} ,
        {"image" :"/media/lab509/wzx/z/data/LIST2017/TrainingData/image/volume-62.nii","label":"/media/lab509/wzx/z/data/LIST2017/TrainingData/label/segmentation-62.nii"} ,
        {"image" :"/media/lab509/wzx/z/data/LIST2017/TrainingData/image/volume-63.nii","label":"/media/lab509/wzx/z/data/LIST2017/TrainingData/label/segmentation-63.nii"} ,
        {"image" :"/media/lab509/wzx/z/data/LIST2017/TrainingData/image/volume-64.nii","label":"/media/lab509/wzx/z/data/LIST2017/TrainingData/label/segmentation-64.nii"} ,
        {"image" :"/media/lab509/wzx/z/data/LIST2017/TrainingData/image/volume-65.nii","label":"/media/lab509/wzx/z/data/LIST2017/TrainingData/label/segmentation-65.nii"} ,
        {"image" :"/media/lab509/wzx/z/data/LIST2017/TrainingData/image/volume-66.nii","label":"/media/lab509/wzx/z/data/LIST2017/TrainingData/label/segmentation-66.nii"} ,
        {"image" :"/media/lab509/wzx/z/data/LIST2017/TrainingData/image/volume-67.nii","label":"/media/lab509/wzx/z/data/LIST2017/TrainingData/label/segmentation-67.nii"} ,
        {"image" :"/media/lab509/wzx/z/data/LIST2017/TrainingData/image/volume-68.nii","label":"/media/lab509/wzx/z/data/LIST2017/TrainingData/label/segmentation-68.nii"} ,
        {"image" :"/media/lab509/wzx/z/data/LIST2017/TrainingData/image/volume-69.nii","label":"/media/lab509/wzx/z/data/LIST2017/TrainingData/label/segmentation-69.nii"} ,
        {"image" :"/media/lab509/wzx/z/data/LIST2017/TrainingData/image/volume-7.nii","label":"/media/lab509/wzx/z/data/LIST2017/TrainingData/label/segmentation-7.nii"} ,
        {"image" :"/media/lab509/wzx/z/data/LIST2017/TrainingData/image/volume-70.nii","label":"/media/lab509/wzx/z/data/LIST2017/TrainingData/label/segmentation-70.nii"} ,
        {"image" :"/media/lab509/wzx/z/data/LIST2017/TrainingData/image/volume-71.nii","label":"/media/lab509/wzx/z/data/LIST2017/TrainingData/label/segmentation-71.nii"} ,
        {"image" :"/media/lab509/wzx/z/data/LIST2017/TrainingData/image/volume-72.nii","label":"/media/lab509/wzx/z/data/LIST2017/TrainingData/label/segmentation-72.nii"} ,
        {"image" :"/media/lab509/wzx/z/data/LIST2017/TrainingData/image/volume-73.nii","label":"/media/lab509/wzx/z/data/LIST2017/TrainingData/label/segmentation-73.nii"} ,
        {"image" :"/media/lab509/wzx/z/data/LIST2017/TrainingData/image/volume-74.nii","label":"/media/lab509/wzx/z/data/LIST2017/TrainingData/label/segmentation-74.nii"} ,
        {"image" :"/media/lab509/wzx/z/data/LIST2017/TrainingData/image/volume-75.nii","label":"/media/lab509/wzx/z/data/LIST2017/TrainingData/label/segmentation-75.nii"} ,
        {"image" :"/media/lab509/wzx/z/data/LIST2017/TrainingData/image/volume-76.nii","label":"/media/lab509/wzx/z/data/LIST2017/TrainingData/label/segmentation-76.nii"} ,
        {"image" :"/media/lab509/wzx/z/data/LIST2017/TrainingData/image/volume-77.nii","label":"/media/lab509/wzx/z/data/LIST2017/TrainingData/label/segmentation-77.nii"} ,
        {"image" :"/media/lab509/wzx/z/data/LIST2017/TrainingData/image/volume-78.nii","label":"/media/lab509/wzx/z/data/LIST2017/TrainingData/label/segmentation-78.nii"} ,
        {"image" :"/media/lab509/wzx/z/data/LIST2017/TrainingData/image/volume-79.nii","label":"/media/lab509/wzx/z/data/LIST2017/TrainingData/label/segmentation-79.nii"} ,
        {"image" :"/media/lab509/wzx/z/data/LIST2017/TrainingData/image/volume-8.nii","label":"/media/lab509/wzx/z/data/LIST2017/TrainingData/label/segmentation-8.nii"} ,
        {"image" :"/media/lab509/wzx/z/data/LIST2017/TrainingData/image/volume-80.nii","label":"/media/lab509/wzx/z/data/LIST2017/TrainingData/label/segmentation-80.nii"} ,
        {"image" :"/media/lab509/wzx/z/data/LIST2017/TrainingData/image/volume-81.nii","label":"/media/lab509/wzx/z/data/LIST2017/TrainingData/label/segmentation-81.nii"} ,
        {"image" :"/media/lab509/wzx/z/data/LIST2017/TrainingData/image/volume-82.nii","label":"/media/lab509/wzx/z/data/LIST2017/TrainingData/label/segmentation-82.nii"} ,
        {"image" :"/media/lab509/wzx/z/data/LIST2017/TrainingData/image/volume-83.nii","label":"/media/lab509/wzx/z/data/LIST2017/TrainingData/label/segmentation-83.nii"} ,
        {"image" :"/media/lab509/wzx/z/data/LIST2017/TrainingData/image/volume-84.nii","label":"/media/lab509/wzx/z/data/LIST2017/TrainingData/label/segmentation-84.nii"} ,
        {"image" :"/media/lab509/wzx/z/data/LIST2017/TrainingData/image/volume-85.nii","label":"/media/lab509/wzx/z/data/LIST2017/TrainingData/label/segmentation-85.nii"} ,
        {"image" :"/media/lab509/wzx/z/data/LIST2017/TrainingData/image/volume-86.nii","label":"/media/lab509/wzx/z/data/LIST2017/TrainingData/label/segmentation-86.nii"} ,
        {"image" :"/media/lab509/wzx/z/data/LIST2017/TrainingData/image/volume-87.nii","label":"/media/lab509/wzx/z/data/LIST2017/TrainingData/label/segmentation-87.nii"} ,
        {"image" :"/media/lab509/wzx/z/data/LIST2017/TrainingData/image/volume-88.nii","label":"/media/lab509/wzx/z/data/LIST2017/TrainingData/label/segmentation-88.nii"} ,
        {"image" :"/media/lab509/wzx/z/data/LIST2017/TrainingData/image/volume-89.nii","label":"/media/lab509/wzx/z/data/LIST2017/TrainingData/label/segmentation-89.nii"} ,
        {"image" :"/media/lab509/wzx/z/data/LIST2017/TrainingData/image/volume-9.nii","label":"/media/lab509/wzx/z/data/LIST2017/TrainingData/label/segmentation-9.nii"} 
    ],
    "valid": [
        {"image" :"/media/lab509/wzx/z/data/LIST2017/TrainingData/image/volume-90.nii","label":"/media/lab509/wzx/z/data/LIST2017/TrainingData/label/segmentation-90.nii"} ,
        {"image" :"/media/lab509/wzx/z/data/LIST2017/TrainingData/image/volume-91.nii","label":"/media/lab509/wzx/z/data/LIST2017/TrainingData/label/segmentation-91.nii"} ,
        {"image" :"/media/lab509/wzx/z/data/LIST2017/TrainingData/image/volume-92.nii","label":"/media/lab509/wzx/z/data/LIST2017/TrainingData/label/segmentation-92.nii"} ,
        {"image" :"/media/lab509/wzx/z/data/LIST2017/TrainingData/image/volume-93.nii","label":"/media/lab509/wzx/z/data/LIST2017/TrainingData/label/segmentation-93.nii"} ,
        {"image" :"/media/lab509/wzx/z/data/LIST2017/TrainingData/image/volume-94.nii","label":"/media/lab509/wzx/z/data/LIST2017/TrainingData/label/segmentation-94.nii"} ,
        {"image" :"/media/lab509/wzx/z/data/LIST2017/TrainingData/image/volume-95.nii","label":"/media/lab509/wzx/z/data/LIST2017/TrainingData/label/segmentation-95.nii"} ,
        {"image" :"/media/lab509/wzx/z/data/LIST2017/TrainingData/image/volume-96.nii","label":"/media/lab509/wzx/z/data/LIST2017/TrainingData/label/segmentation-96.nii"} ,
        {"image" :"/media/lab509/wzx/z/data/LIST2017/TrainingData/image/volume-97.nii","label":"/media/lab509/wzx/z/data/LIST2017/TrainingData/label/segmentation-97.nii"} ,
        {"image" :"/media/lab509/wzx/z/data/LIST2017/TrainingData/image/volume-98.nii","label":"/media/lab509/wzx/z/data/LIST2017/TrainingData/label/segmentation-98.nii"} ,
        {"image" :"/media/lab509/wzx/z/data/LIST2017/TrainingData/image/volume-99.nii","label":"/media/lab509/wzx/z/data/LIST2017/TrainingData/label/segmentation-99.nii"}
    ]
}