{
    "description": "btcv yucheng",
    "labels": {
        "0": "background",
        "1": "spleen",
        "2": "rkid",
        "3": "lkid",
        "4": "gall",
        "5": "eso",
        "6": "liver",
        "7": "sto",
        "8": "aorta",
        "9": "IVC",
        "10": "veins",
        "11": "pancreas",
        "12": "rad",
        "13": "lad"
    },
    "aim_label": "2" ,
    "licence": "yt",
    "modality": {
        "0": "CT"
    },
    "name": "btcv",
    "numTest": 20,
    "numTraining": 80,
    "reference": "Vanderbilt University",
    "release": "1.0 06/08/2015",
    "tensorImageSize": "3D",
    "test": [
        "/media/main/data/FTSM/data/Synapse/RawData/Testing/img/img0061.nii.gz",
        "/media/main/data/FTSM/data/Synapse/RawData/Testing/img/img0062.nii.gz",
        "/media/main/data/FTSM/data/Synapse/RawData/Testing/img/img0063.nii.gz",
        "/media/main/data/FTSM/data/Synapse/RawData/Testing/img/img0064.nii.gz",
        "/media/main/data/FTSM/data/Synapse/RawData/Testing/img/img0065.nii.gz",
        "/media/main/data/FTSM/data/Synapse/RawData/Testing/img/img0066.nii.gz",
        "/media/main/data/FTSM/data/Synapse/RawData/Testing/img/img0067.nii.gz",
        "/media/main/data/FTSM/data/Synapse/RawData/Testing/img/img0068.nii.gz",
        "/media/main/data/FTSM/data/Synapse/RawData/Testing/img/img0069.nii.gz",
        "/media/main/data/FTSM/data/Synapse/RawData/Testing/img/img0070.nii.gz",
        "/media/main/data/FTSM/data/Synapse/RawData/Testing/img/img0071.nii.gz",
        "/media/main/data/FTSM/data/Synapse/RawData/Testing/img/img0072.nii.gz",
        "/media/main/data/FTSM/data/Synapse/RawData/Testing/img/img0073.nii.gz",
        "/media/main/data/FTSM/data/Synapse/RawData/Testing/img/img0074.nii.gz",
        "/media/main/data/FTSM/data/Synapse/RawData/Testing/img/img0075.nii.gz",
        "/media/main/data/FTSM/data/Synapse/RawData/Testing/img/img0076.nii.gz",
        "/media/main/data/FTSM/data/Synapse/RawData/Testing/img/img0077.nii.gz",
        "/media/main/data/FTSM/data/Synapse/RawData/Testing/img/img0078.nii.gz",
        "/media/main/data/FTSM/data/Synapse/RawData/Testing/img/img0079.nii.gz",
        "/media/main/data/FTSM/data/Synapse/RawData/Testing/img/img0080.nii.gz"
    ],
    "train": [
        {"image" :"/media/main/data/FTSM/data/Synapse/RawData/Training/img/","label":"/media/main/data/FTSM/data/Synapse/RawData/Training/label/"} ,
        {"image" :"/media/main/data/FTSM/data/Synapse/Training-Testing/img/0061","label":"/media/main/data/FTSM/data/Synapse/Training-Testing/label/0061"} ,
        {"image" :"/media/main/data/FTSM/data/Synapse/Training-Testing/img/0062","label":"/media/main/data/FTSM/data/Synapse/Training-Testing/label/0062"} ,
        {"image" :"/media/main/data/FTSM/data/Synapse/Training-Testing/img/0063","label":"/media/main/data/FTSM/data/Synapse/Training-Testing/label/0063"} ,
        {"image" :"/media/main/data/FTSM/data/Synapse/Training-Testing/img/0064","label":"/media/main/data/FTSM/data/Synapse/Training-Testing/label/0064"} ,
        {"image" :"/media/main/data/FTSM/data/Synapse/Training-Testing/img/0065","label":"/media/main/data/FTSM/data/Synapse/Training-Testing/label/0065"} ,
        {"image" :"/media/main/data/FTSM/data/Synapse/Training-Testing/img/0066","label":"/media/main/data/FTSM/data/Synapse/Training-Testing/label/0066"} ,
        {"image" :"/media/main/data/FTSM/data/Synapse/Training-Testing/img/0067","label":"/media/main/data/FTSM/data/Synapse/Training-Testing/label/0067"} ,
        {"image" :"/media/main/data/FTSM/data/Synapse/Training-Testing/img/0068","label":"/media/main/data/FTSM/data/Synapse/Training-Testing/label/0068"} ,
        {"image" :"/media/main/data/FTSM/data/Synapse/Training-Testing/img/0069","label":"/media/main/data/FTSM/data/Synapse/Training-Testing/label/0069"} ,
        {"image" :"/media/main/data/FTSM/data/Synapse/Training-Testing/img/0070","label":"/media/main/data/FTSM/data/Synapse/Training-Testing/label/0070"} ,
        {"image" :"/media/main/data/FTSM/data/Synapse/Training-Testing/img/0071","label":"/media/main/data/FTSM/data/Synapse/Training-Testing/label/0071"} ,
        {"image" :"/media/main/data/FTSM/data/Synapse/Training-Testing/img/0072","label":"/media/main/data/FTSM/data/Synapse/Training-Testing/label/0072"} ,
        {"image" :"/media/main/data/FTSM/data/Synapse/Training-Testing/img/0073","label":"/media/main/data/FTSM/data/Synapse/Training-Testing/label/0073"} ,
        {"image" :"/media/main/data/FTSM/data/Synapse/Training-Testing/img/0074","label":"/media/main/data/FTSM/data/Synapse/Training-Testing/label/0074"} ,
        {"image" :"/media/main/data/FTSM/data/Synapse/Training-Testing/img/0075","label":"/media/main/data/FTSM/data/Synapse/Training-Testing/label/0075"} ,
        {"image" :"/media/main/data/FTSM/data/Synapse/Training-Testing/img/0076","label":"/media/main/data/FTSM/data/Synapse/Training-Testing/label/0076"} ,
        {"image" :"/media/main/data/FTSM/data/Synapse/Training-Testing/img/0077","label":"/media/main/data/FTSM/data/Synapse/Training-Testing/label/0077"} ,
        {"image" :"/media/main/data/FTSM/data/Synapse/Training-Testing/img/0078","label":"/media/main/data/FTSM/data/Synapse/Training-Testing/label/0078"} ,
        {"image" :"/media/main/data/FTSM/data/Synapse/Training-Testing/img/0079","label":"/media/main/data/FTSM/data/Synapse/Training-Testing/label/0079"} ,
        {"image" :"/media/main/data/FTSM/data/Synapse/Training-Testing/img/0080","label":"/media/main/data/FTSM/data/Synapse/Training-Testing/label/0080"}
    ],
    "valid": [
        {"image" :"/media/main/data/FTSM/data/Synapse/RawData/Testing/img/img0061.nii.gz","label":"/media/main/data/FTSM/FMST-PT-GXX/split/unprocessed/standard/1-dan_bt/img0061.nii.gz"} ,
        {"image" :"/media/main/data/FTSM/data/Synapse/RawData/Testing/img/img0062.nii.gz","label":"/media/main/data/FTSM/FMST-PT-GXX/split/unprocessed/standard/1-dan_bt/img0062.nii.gz"} ,
        {"image" :"/media/main/data/FTSM/data/Synapse/RawData/Testing/img/img0063.nii.gz","label":"/media/main/data/FTSM/FMST-PT-GXX/split/unprocessed/standard/1-dan_bt/img0063.nii.gz"} ,
        {"image" :"/media/main/data/FTSM/data/Synapse/RawData/Testing/img/img0064.nii.gz","label":"/media/main/data/FTSM/FMST-PT-GXX/split/unprocessed/standard/1-dan_bt/img0064.nii.gz"} ,
        {"image" :"/media/main/data/FTSM/data/Synapse/RawData/Testing/img/img0065.nii.gz","label":"/media/main/data/FTSM/FMST-PT-GXX/split/unprocessed/standard/1-dan_bt/img0065.nii.gz"} ,
        {"image" :"/media/main/data/FTSM/data/Synapse/RawData/Testing/img/img0066.nii.gz","label":"/media/main/data/FTSM/FMST-PT-GXX/split/unprocessed/standard/1-dan_bt/img0066.nii.gz"} ,
        {"image" :"/media/main/data/FTSM/data/Synapse/RawData/Testing/img/img0067.nii.gz","label":"/media/main/data/FTSM/FMST-PT-GXX/split/unprocessed/standard/1-dan_bt/img0067.nii.gz"} ,
        {"image" :"/media/main/data/FTSM/data/Synapse/RawData/Testing/img/img0068.nii.gz","label":"/media/main/data/FTSM/FMST-PT-GXX/split/unprocessed/standard/1-dan_bt/img0068.nii.gz"} ,
        {"image" :"/media/main/data/FTSM/data/Synapse/RawData/Testing/img/img0069.nii.gz","label":"/media/main/data/FTSM/FMST-PT-GXX/split/unprocessed/standard/1-dan_bt/img0069.nii.gz"} ,
        {"image" :"/media/main/data/FTSM/data/Synapse/RawData/Testing/img/img0070.nii.gz","label":"/media/main/data/FTSM/FMST-PT-GXX/split/unprocessed/standard/1-dan_bt/img0070.nii.gz"} ,
        {"image" :"/media/main/data/FTSM/data/Synapse/RawData/Testing/img/img0071.nii.gz","label":"/media/main/data/FTSM/FMST-PT-GXX/split/unprocessed/standard/1-dan_bt/img0071.nii.gz"} ,
        {"image" :"/media/main/data/FTSM/data/Synapse/RawData/Testing/img/img0072.nii.gz","label":"/media/main/data/FTSM/FMST-PT-GXX/split/unprocessed/standard/1-dan_bt/img0072.nii.gz"} ,
        {"image" :"/media/main/data/FTSM/data/Synapse/RawData/Testing/img/img0073.nii.gz","label":"/media/main/data/FTSM/FMST-PT-GXX/split/unprocessed/standard/1-dan_bt/img0073.nii.gz"} ,
        {"image" :"/media/main/data/FTSM/data/Synapse/RawData/Testing/img/img0074.nii.gz","label":"/media/main/data/FTSM/FMST-PT-GXX/split/unprocessed/standard/1-dan_bt/img0074.nii.gz"} ,
        {"image" :"/media/main/data/FTSM/data/Synapse/RawData/Testing/img/img0075.nii.gz","label":"/media/main/data/FTSM/FMST-PT-GXX/split/unprocessed/standard/1-dan_bt/img0075.nii.gz"} ,
        {"image" :"/media/main/data/FTSM/data/Synapse/RawData/Testing/img/img0076.nii.gz","label":"/media/main/data/FTSM/FMST-PT-GXX/split/unprocessed/standard/1-dan_bt/img0076.nii.gz"} ,
        {"image" :"/media/main/data/FTSM/data/Synapse/RawData/Testing/img/img0077.nii.gz","label":"/media/main/data/FTSM/FMST-PT-GXX/split/unprocessed/standard/1-dan_bt/img0077.nii.gz"} ,
        {"image" :"/media/main/data/FTSM/data/Synapse/RawData/Testing/img/img0078.nii.gz","label":"/media/main/data/FTSM/FMST-PT-GXX/split/unprocessed/standard/1-dan_bt/img0078.nii.gz"} ,
        {"image" :"/media/main/data/FTSM/data/Synapse/RawData/Testing/img/img0079.nii.gz","label":"/media/main/data/FTSM/FMST-PT-GXX/split/unprocessed/standard/1-dan_bt/img0079.nii.gz"} ,
        {"image" :"/media/main/data/FTSM/data/Synapse/RawData/Testing/img/img0080.nii.gz","label":"/media/main/data/FTSM/FMST-PT-GXX/split/unprocessed/standard/1-dan_bt/img0080.nii.gz"} 
    ]
    }