{
    "description": "btcv yucheng",
    "labels": {
        "0": "background",
        "1": "spleen",
        "2": "rkid",
        "3": "lkid",
        "4": "gall",
        "5": "eso",
        "6": "liver",
        "7": "sto",
        "8": "aorta",
        "9": "IVC",
        "10": "veins",
        "11": "pancreas",
        "12": "rad",
        "13": "lad"
    },
    "aim_label": "6" ,
    "licence": "yt",
    "modality": {
        "0": "CT"
    },
    "name": "btcv",
    "numTest": 20,
    "numTraining": 80,
    "reference": "Vanderbilt University",
    "release": "1.0 06/08/2015",
    "tensorImageSize": "3D",
    "test": [
        "/media/main/data/FTSM/data/Synapse/RawData/Testing/img/img0061.nii.gz",
        "/media/main/data/FTSM/data/Synapse/RawData/Testing/img/img0062.nii.gz",
        "/media/main/data/FTSM/data/Synapse/RawData/Testing/img/img0063.nii.gz",
        "/media/main/data/FTSM/data/Synapse/RawData/Testing/img/img0064.nii.gz",
        "/media/main/data/FTSM/data/Synapse/RawData/Testing/img/img0065.nii.gz",
        "/media/main/data/FTSM/data/Synapse/RawData/Testing/img/img0066.nii.gz",
        "/media/main/data/FTSM/data/Synapse/RawData/Testing/img/img0067.nii.gz",
        "/media/main/data/FTSM/data/Synapse/RawData/Testing/img/img0068.nii.gz",
        "/media/main/data/FTSM/data/Synapse/RawData/Testing/img/img0069.nii.gz",
        "/media/main/data/FTSM/data/Synapse/RawData/Testing/img/img0070.nii.gz",
        "/media/main/data/FTSM/data/Synapse/RawData/Testing/img/img0071.nii.gz",
        "/media/main/data/FTSM/data/Synapse/RawData/Testing/img/img0072.nii.gz",
        "/media/main/data/FTSM/data/Synapse/RawData/Testing/img/img0073.nii.gz",
        "/media/main/data/FTSM/data/Synapse/RawData/Testing/img/img0074.nii.gz",
        "/media/main/data/FTSM/data/Synapse/RawData/Testing/img/img0075.nii.gz",
        "/media/main/data/FTSM/data/Synapse/RawData/Testing/img/img0076.nii.gz",
        "/media/main/data/FTSM/data/Synapse/RawData/Testing/img/img0077.nii.gz",
        "/media/main/data/FTSM/data/Synapse/RawData/Testing/img/img0078.nii.gz",
        "/media/main/data/FTSM/data/Synapse/RawData/Testing/img/img0079.nii.gz",
        "/media/main/data/FTSM/data/Synapse/RawData/Testing/img/img0080.nii.gz"
    ],
    "train": [
        {"image" :"/media/main/data/FTSM/data/Synapse/RawData/Training/img/img0001.nii.gz","label":"/media/main/data/FTSM/data/Synapse/RawData/Training/label/label0001.nii.gz"} ,
        {"image" :"/media/main/data/FTSM/data/Synapse/RawData/Training/img/img0002.nii.gz","label":"/media/main/data/FTSM/data/Synapse/RawData/Training/label/label0002.nii.gz"} ,
        {"image" :"/media/main/data/FTSM/data/Synapse/RawData/Training/img/img0003.nii.gz","label":"/media/main/data/FTSM/data/Synapse/RawData/Training/label/label0003.nii.gz"} ,
        {"image" :"/media/main/data/FTSM/data/Synapse/RawData/Training/img/img0004.nii.gz","label":"/media/main/data/FTSM/data/Synapse/RawData/Training/label/label0004.nii.gz"} ,
        {"image" :"/media/main/data/FTSM/data/Synapse/RawData/Training/img/img0005.nii.gz","label":"/media/main/data/FTSM/data/Synapse/RawData/Training/label/label0005.nii.gz"} ,
        {"image" :"/media/main/data/FTSM/data/Synapse/RawData/Training/img/img0006.nii.gz","label":"/media/main/data/FTSM/data/Synapse/RawData/Training/label/label0006.nii.gz"} ,
        {"image" :"/media/main/data/FTSM/data/Synapse/RawData/Training/img/img0007.nii.gz","label":"/media/main/data/FTSM/data/Synapse/RawData/Training/label/label0007.nii.gz"} ,
        {"image" :"/media/main/data/FTSM/data/Synapse/RawData/Training/img/img0008.nii.gz","label":"/media/main/data/FTSM/data/Synapse/RawData/Training/label/label0008.nii.gz"} ,
        {"image" :"/media/main/data/FTSM/data/Synapse/RawData/Training/img/img0009.nii.gz","label":"/media/main/data/FTSM/data/Synapse/RawData/Training/label/label0009.nii.gz"} ,
        {"image" :"/media/main/data/FTSM/data/Synapse/RawData/Training/img/img0010.nii.gz","label":"/media/main/data/FTSM/data/Synapse/RawData/Training/label/label0010.nii.gz"} ,
        {"image" :"/media/main/data/FTSM/data/Synapse/RawData/Training/img/img0021.nii.gz","label":"/media/main/data/FTSM/data/Synapse/RawData/Training/label/label0021.nii.gz"} ,
        {"image" :"/media/main/data/FTSM/data/Synapse/RawData/Training/img/img0022.nii.gz","label":"/media/main/data/FTSM/data/Synapse/RawData/Training/label/label0022.nii.gz"} ,
        {"image" :"/media/main/data/FTSM/data/Synapse/RawData/Training/img/img0023.nii.gz","label":"/media/main/data/FTSM/data/Synapse/RawData/Training/label/label0023.nii.gz"} ,
        {"image" :"/media/main/data/FTSM/data/Synapse/RawData/Training/img/img0024.nii.gz","label":"/media/main/data/FTSM/data/Synapse/RawData/Training/label/label0024.nii.gz"} ,
        {"image" :"/media/main/data/FTSM/data/Synapse/RawData/Training/img/img0025.nii.gz","label":"/media/main/data/FTSM/data/Synapse/RawData/Training/label/label0025.nii.gz"} ,
        {"image" :"/media/main/data/FTSM/data/Synapse/RawData/Training/img/img0026.nii.gz","label":"/media/main/data/FTSM/data/Synapse/RawData/Training/label/label0026.nii.gz"} ,
        {"image" :"/media/main/data/FTSM/data/Synapse/RawData/Training/img/img0027.nii.gz","label":"/media/main/data/FTSM/data/Synapse/RawData/Training/label/label0027.nii.gz"} ,
        {"image" :"/media/main/data/FTSM/data/Synapse/RawData/Training/img/img0028.nii.gz","label":"/media/main/data/FTSM/data/Synapse/RawData/Training/label/label0028.nii.gz"} ,
        {"image" :"/media/main/data/FTSM/data/Synapse/RawData/Training/img/img0029.nii.gz","label":"/media/main/data/FTSM/data/Synapse/RawData/Training/label/label0029.nii.gz"} ,
        {"image" :"/media/main/data/FTSM/data/Synapse/RawData/Training/img/img0030.nii.gz","label":"/media/main/data/FTSM/data/Synapse/RawData/Training/label/label0030.nii.gz"} ,
        {"image" :"/media/main/data/FTSM/data/Synapse/RawData/Training/img/img0031.nii.gz","label":"/media/main/data/FTSM/data/Synapse/RawData/Training/label/label0031.nii.gz"} ,
        {"image" :"/media/main/data/FTSM/data/Synapse/RawData/Training/img/img0032.nii.gz","label":"/media/main/data/FTSM/data/Synapse/RawData/Training/label/label0032.nii.gz"} ,
        {"image" :"/media/main/data/FTSM/data/Synapse/RawData/Training/img/img0033.nii.gz","label":"/media/main/data/FTSM/data/Synapse/RawData/Training/label/label0033.nii.gz"} ,
        {"image" :"/media/main/data/FTSM/data/Synapse/RawData/Training/img/img0034.nii.gz","label":"/media/main/data/FTSM/data/Synapse/RawData/Training/label/label0034.nii.gz"} ,
        {"image" :"/media/main/data/FTSM/data/Synapse/RawData/Training/img/img0035.nii.gz","label":"/media/main/data/FTSM/data/Synapse/RawData/Training/label/label0035.nii.gz"} ,
        {"image" :"/media/main/data/FTSM/data/Synapse/RawData/Training/img/img0036.nii.gz","label":"/media/main/data/FTSM/data/Synapse/RawData/Training/label/label0036.nii.gz"} ,
        {"image" :"/media/main/data/FTSM/data/Synapse/RawData/Training/img/img0037.nii.gz","label":"/media/main/data/FTSM/data/Synapse/RawData/Training/label/label0037.nii.gz"} ,
        {"image" :"/media/main/data/FTSM/data/Synapse/RawData/Training/img/img0038.nii.gz","label":"/media/main/data/FTSM/data/Synapse/RawData/Training/label/label0038.nii.gz"} ,
        {"image" :"/media/main/data/FTSM/data/Synapse/RawData/Training/img/img0039.nii.gz","label":"/media/main/data/FTSM/data/Synapse/RawData/Training/label/label0039.nii.gz"} ,
        {"image" :"/media/main/data/FTSM/data/Synapse/RawData/Training/img/img0040.nii.gz","label":"/media/main/data/FTSM/data/Synapse/RawData/Training/label/label0040.nii.gz"}  
    ],
    "valid": [
        {"image" :"/media/main/data/FTSM/data/Synapse/RawData/Testing/img/img0061.nii.gz","label":"/media/main/data/FTSM/FMST-PT-GXX/split/unprocessed/standard/1-dan_bt/img0061.nii.gz"} ,
        {"image" :"/media/main/data/FTSM/data/Synapse/RawData/Testing/img/img0062.nii.gz","label":"/media/main/data/FTSM/FMST-PT-GXX/split/unprocessed/standard/1-dan_bt/img0062.nii.gz"} ,
        {"image" :"/media/main/data/FTSM/data/Synapse/RawData/Testing/img/img0063.nii.gz","label":"/media/main/data/FTSM/FMST-PT-GXX/split/unprocessed/standard/1-dan_bt/img0063.nii.gz"} ,
        {"image" :"/media/main/data/FTSM/data/Synapse/RawData/Testing/img/img0064.nii.gz","label":"/media/main/data/FTSM/FMST-PT-GXX/split/unprocessed/standard/1-dan_bt/img0064.nii.gz"} ,
        {"image" :"/media/main/data/FTSM/data/Synapse/RawData/Testing/img/img0065.nii.gz","label":"/media/main/data/FTSM/FMST-PT-GXX/split/unprocessed/standard/1-dan_bt/img0065.nii.gz"} ,
        {"image" :"/media/main/data/FTSM/data/Synapse/RawData/Testing/img/img0066.nii.gz","label":"/media/main/data/FTSM/FMST-PT-GXX/split/unprocessed/standard/1-dan_bt/img0066.nii.gz"} ,
        {"image" :"/media/main/data/FTSM/data/Synapse/RawData/Testing/img/img0067.nii.gz","label":"/media/main/data/FTSM/FMST-PT-GXX/split/unprocessed/standard/1-dan_bt/img0067.nii.gz"} ,
        {"image" :"/media/main/data/FTSM/data/Synapse/RawData/Testing/img/img0068.nii.gz","label":"/media/main/data/FTSM/FMST-PT-GXX/split/unprocessed/standard/1-dan_bt/img0068.nii.gz"} ,
        {"image" :"/media/main/data/FTSM/data/Synapse/RawData/Testing/img/img0069.nii.gz","label":"/media/main/data/FTSM/FMST-PT-GXX/split/unprocessed/standard/1-dan_bt/img0069.nii.gz"} ,
        {"image" :"/media/main/data/FTSM/data/Synapse/RawData/Testing/img/img0070.nii.gz","label":"/media/main/data/FTSM/FMST-PT-GXX/split/unprocessed/standard/1-dan_bt/img0070.nii.gz"} ,
        {"image" :"/media/main/data/FTSM/data/Synapse/RawData/Testing/img/img0071.nii.gz","label":"/media/main/data/FTSM/FMST-PT-GXX/split/unprocessed/standard/1-dan_bt/img0071.nii.gz"} ,
        {"image" :"/media/main/data/FTSM/data/Synapse/RawData/Testing/img/img0072.nii.gz","label":"/media/main/data/FTSM/FMST-PT-GXX/split/unprocessed/standard/1-dan_bt/img0072.nii.gz"} ,
        {"image" :"/media/main/data/FTSM/data/Synapse/RawData/Testing/img/img0073.nii.gz","label":"/media/main/data/FTSM/FMST-PT-GXX/split/unprocessed/standard/1-dan_bt/img0073.nii.gz"} ,
        {"image" :"/media/main/data/FTSM/data/Synapse/RawData/Testing/img/img0074.nii.gz","label":"/media/main/data/FTSM/FMST-PT-GXX/split/unprocessed/standard/1-dan_bt/img0074.nii.gz"} ,
        {"image" :"/media/main/data/FTSM/data/Synapse/RawData/Testing/img/img0075.nii.gz","label":"/media/main/data/FTSM/FMST-PT-GXX/split/unprocessed/standard/1-dan_bt/img0075.nii.gz"} ,
        {"image" :"/media/main/data/FTSM/data/Synapse/RawData/Testing/img/img0076.nii.gz","label":"/media/main/data/FTSM/FMST-PT-GXX/split/unprocessed/standard/1-dan_bt/img0076.nii.gz"} ,
        {"image" :"/media/main/data/FTSM/data/Synapse/RawData/Testing/img/img0077.nii.gz","label":"/media/main/data/FTSM/FMST-PT-GXX/split/unprocessed/standard/1-dan_bt/img0077.nii.gz"} ,
        {"image" :"/media/main/data/FTSM/data/Synapse/RawData/Testing/img/img0078.nii.gz","label":"/media/main/data/FTSM/FMST-PT-GXX/split/unprocessed/standard/1-dan_bt/img0078.nii.gz"} ,
        {"image" :"/media/main/data/FTSM/data/Synapse/RawData/Testing/img/img0079.nii.gz","label":"/media/main/data/FTSM/FMST-PT-GXX/split/unprocessed/standard/1-dan_bt/img0079.nii.gz"} ,
        {"image" :"/media/main/data/FTSM/data/Synapse/RawData/Testing/img/img0080.nii.gz","label":"/media/main/data/FTSM/FMST-PT-GXX/split/unprocessed/standard/1-dan_bt/img0080.nii.gz"} 
    ]
    }